Workbook

Sheet Cover
B2: APEX MANAGED SERVICES LTD — ISMS KPI METRICS REPORT
B3: ISMS-MR-002 | Version 1.0 | ISO/IEC 27001:2022 Clause 9.1 | INTERNAL
B5: Document Reference | C5: ISMS-MR-002
B6: Document Title | C6: ISMS KPI Metrics Report Template
B7: Organisation | C7: Apex Managed Services Ltd
B8: Document Owner | C8: Information Security Manager
B9: ISO 27001:2022 Clause | C9: 9.1 — Monitoring, Measurement, Analysis and Evaluation
B10: Classification | C10: INTERNAL
B11: Review Frequency | C11: Monthly data entry; Quarterly management briefing; Annual MR input
B12: Status | C12: Approved
B15: HOW TO USE THIS WORKBOOK
B16: Monthly Data Entry | C16: Go to the 'KPI Data Entry' sheet. Enter actual values in the blue input cells for the current month. The RAG status calculates automatically. Save the file.
B17: Trend Assessment | C17: After 3+ months of data, the 'KPI Dashboard' sheet shows trend arrows and 12-month rolling charts. Review trends before each quarterly briefing.
B18: Quarterly Management Briefing | C18: Copy the 'Management Summary' sheet content into your ISMS-MR-001 input pack for the quarterly KPI review (MRI-004). Present the dashboard to MD.
B19: Annual Management Review | C19: The 'Annual Summary' sheet aggregates the full year's data for the management review (MRI-004 and MRI-007). This is the primary Clause 9.1 evidence exhibit.
B20: File Naming | C20: Save a copy each quarter: ISMS-MR-002-[YYYY]-Q[N].xlsx (e.g. ISMS-MR-002-2026-Q2.xlsx). Keep this master template blank and always work from copies.
B21: RAG Colour Key | C21: Green = meeting target. Amber = within 5% of target or monitor-only. Red = below target. Trend: ↑ = improving, → = stable, ↓ = declining.
B22: Evidence Retention | C22: Each completed quarterly copy is retained as a controlled document per ISMS-SPT-001 §6.6 (3 years from creation date).

Sheet KPI Data Entry
A1: ISMS-MR-002 — KPI Data Entry | Apex Managed Services Ltd | INTERNAL | Blue cells = data entry fields
A2: KPI ID | B2: Domain | C2: KPI Title | D2: Target | E2: Frequency | F2: Apr-26 | H2: May-26 | J2: Jun-26 | L2: Jul-26 | N2: Aug-26 | P2: Sep-26 | R2: Oct-26 | T2: Nov-26 | V2: Dec-26 | X2: Jan-27 | Z2: Feb-27 | AB2: Mar-27
F3: Actual | G3: RAG | H3: Actual | I3: RAG | J3: Actual | K3: RAG | L3: Actual | M3: RAG | N3: Actual | O3: RAG | P3: Actual | Q3: RAG | R3: Actual | S3: RAG | T3: Actual | U3: RAG | V3: Actual | W3: RAG | X3: Actual | Y3: RAG | Z3: Actual | AA3: RAG | AB3: Actual | AC3: RAG | AD3: Owner | AE3: Measurement Source | AF3: Clause
A4: ACCESS CONTROL
A5: KPI-001 | B5: Access Control | C5: MFA Coverage — All Accounts | D5: ≥ 100% | E5: Monthly | G5: =IF(F5="","",IF(F5>=100,"G",IF(F5>=100*0.95,"A","R"))) | I5: =IF(H5="","",IF(H5>=100,"G",IF(H5>=100*0.95,"A","R"))) | K5: =IF(J5="","",IF(J5>=100,"G",IF(J5>=100*0.95,"A","R"))) | M5: =IF(L5="","",IF(L5>=100,"G",IF(L5>=100*0.95,"A","R"))) | O5: =IF(N5="","",IF(N5>=100,"G",IF(N5>=100*0.95,"A","R"))) | Q5: =IF(P5="","",IF(P5>=100,"G",IF(P5>=100*0.95,"A","R"))) | S5: =IF(R5="","",IF(R5>=100,"G",IF(R5>=100*0.95,"A","R"))) | U5: =IF(T5="","",IF(T5>=100,"G",IF(T5>=100*0.95,"A","R"))) | W5: =IF(V5="","",IF(V5>=100,"G",IF(V5>=100*0.95,"A","R"))) | Y5: =IF(X5="","",IF(X5>=100,"G",IF(X5>=100*0.95,"A","R"))) | AA5: =IF(Z5="","",IF(Z5>=100,"G",IF(Z5>=100*0.95,"A","R"))) | AC5: =IF(AB5="","",IF(AB5>=100,"G",IF(AB5>=100*0.95,"A","R"))) | AD5: HoT | AE5: Entra ID MFA Status Report | AF5: 9.1, A.5.17
A6: KPI-002 | B6: Access Control | C6: Phishing-Resistant MFA — Privileged Accounts | D6: Target: 100% | E6: Monthly | G6: =IF(F6="","",IF(F6>=100,"G",IF(F6>=100*0.95,"A","R"))) | I6: =IF(H6="","",IF(H6>=100,"G",IF(H6>=100*0.95,"A","R"))) | K6: =IF(J6="","",IF(J6>=100,"G",IF(J6>=100*0.95,"A","R"))) | M6: =IF(L6="","",IF(L6>=100,"G",IF(L6>=100*0.95,"A","R"))) | O6: =IF(N6="","",IF(N6>=100,"G",IF(N6>=100*0.95,"A","R"))) | Q6: =IF(P6="","",IF(P6>=100,"G",IF(P6>=100*0.95,"A","R"))) | S6: =IF(R6="","",IF(R6>=100,"G",IF(R6>=100*0.95,"A","R"))) | U6: =IF(T6="","",IF(T6>=100,"G",IF(T6>=100*0.95,"A","R"))) | W6: =IF(V6="","",IF(V6>=100,"G",IF(V6>=100*0.95,"A","R"))) | Y6: =IF(X6="","",IF(X6>=100,"G",IF(X6>=100*0.95,"A","R"))) | AA6: =IF(Z6="","",IF(Z6>=100,"G",IF(Z6>=100*0.95,"A","R"))) | AC6: =IF(AB6="","",IF(AB6>=100,"G",IF(AB6>=100*0.95,"A","R"))) | AD6: HoT | AE6: Entra ID / PAM config audit | AF6: 9.1, A.8.5
A7: KPI-003 | B7: Access Control | C7: Leaver Deprovisioning SLA (≤4 hrs) | D7: Target: 100% | E7: Monthly | G7: =IF(F7="","",IF(F7>=100,"G",IF(F7>=100*0.95,"A","R"))) | I7: =IF(H7="","",IF(H7>=100,"G",IF(H7>=100*0.95,"A","R"))) | K7: =IF(J7="","",IF(J7>=100,"G",IF(J7>=100*0.95,"A","R"))) | M7: =IF(L7="","",IF(L7>=100,"G",IF(L7>=100*0.95,"A","R"))) | O7: =IF(N7="","",IF(N7>=100,"G",IF(N7>=100*0.95,"A","R"))) | Q7: =IF(P7="","",IF(P7>=100,"G",IF(P7>=100*0.95,"A","R"))) | S7: =IF(R7="","",IF(R7>=100,"G",IF(R7>=100*0.95,"A","R"))) | U7: =IF(T7="","",IF(T7>=100,"G",IF(T7>=100*0.95,"A","R"))) | W7: =IF(V7="","",IF(V7>=100,"G",IF(V7>=100*0.95,"A","R"))) | Y7: =IF(X7="","",IF(X7>=100,"G",IF(X7>=100*0.95,"A","R"))) | AA7: =IF(Z7="","",IF(Z7>=100,"G",IF(Z7>=100*0.95,"A","R"))) | AC7: =IF(AB7="","",IF(AB7>=100,"G",IF(AB7>=100*0.95,"A","R"))) | AD7: ISM / HoT | AE7: JML log vs. HR departure timestamp | AF7: 9.1, A.6.5
A8: KPI-004 | B8: Access Control | C8: Privileged Account Count | D8: Minimised / year-on-year reduction | E8: Monthly | G8: =IF(F8="","","M") | I8: =IF(H8="","","M") | K8: =IF(J8="","","M") | M8: =IF(L8="","","M") | O8: =IF(N8="","","M") | Q8: =IF(P8="","","M") | S8: =IF(R8="","","M") | U8: =IF(T8="","","M") | W8: =IF(V8="","","M") | Y8: =IF(X8="","","M") | AA8: =IF(Z8="","","M") | AC8: =IF(AB8="","","M") | AD8: HoT | AE8: Entra ID PIM report | AF8: 9.1, A.8.2
A9: VULNERABILITY MGMT
A10: KPI-005 | B10: Vulnerability Mgmt | C10: Critical Vuln Remediation SLA (≤24h) | D10: ≥ 98% | E10: Monthly | G10: =IF(F10="","",IF(F10>=98,"G",IF(F10>=98*0.95,"A","R"))) | I10: =IF(H10="","",IF(H10>=98,"G",IF(H10>=98*0.95,"A","R"))) | K10: =IF(J10="","",IF(J10>=98,"G",IF(J10>=98*0.95,"A","R"))) | M10: =IF(L10="","",IF(L10>=98,"G",IF(L10>=98*0.95,"A","R"))) | O10: =IF(N10="","",IF(N10>=98,"G",IF(N10>=98*0.95,"A","R"))) | Q10: =IF(P10="","",IF(P10>=98,"G",IF(P10>=98*0.95,"A","R"))) | S10: =IF(R10="","",IF(R10>=98,"G",IF(R10>=98*0.95,"A","R"))) | U10: =IF(T10="","",IF(T10>=98,"G",IF(T10>=98*0.95,"A","R"))) | W10: =IF(V10="","",IF(V10>=98,"G",IF(V10>=98*0.95,"A","R"))) | Y10: =IF(X10="","",IF(X10>=98,"G",IF(X10>=98*0.95,"A","R"))) | AA10: =IF(Z10="","",IF(Z10>=98,"G",IF(Z10>=98*0.95,"A","R"))) | AC10: =IF(AB10="","",IF(AB10>=98,"G",IF(AB10>=98*0.95,"A","R"))) | AD10: HoT | AE10: Defender VM SLA report | AF10: 9.1, A.8.8
A11: KPI-006 | B11: Vulnerability Mgmt | C11: High Vuln Remediation SLA (≤7 days) | D11: ≥ 95% | E11: Monthly | G11: =IF(F11="","",IF(F11>=95,"G",IF(F11>=95*0.95,"A","R"))) | I11: =IF(H11="","",IF(H11>=95,"G",IF(H11>=95*0.95,"A","R"))) | K11: =IF(J11="","",IF(J11>=95,"G",IF(J11>=95*0.95,"A","R"))) | M11: =IF(L11="","",IF(L11>=95,"G",IF(L11>=95*0.95,"A","R"))) | O11: =IF(N11="","",IF(N11>=95,"G",IF(N11>=95*0.95,"A","R"))) | Q11: =IF(P11="","",IF(P11>=95,"G",IF(P11>=95*0.95,"A","R"))) | S11: =IF(R11="","",IF(R11>=95,"G",IF(R11>=95*0.95,"A","R"))) | U11: =IF(T11="","",IF(T11>=95,"G",IF(T11>=95*0.95,"A","R"))) | W11: =IF(V11="","",IF(V11>=95,"G",IF(V11>=95*0.95,"A","R"))) | Y11: =IF(X11="","",IF(X11>=95,"G",IF(X11>=95*0.95,"A","R"))) | AA11: =IF(Z11="","",IF(Z11>=95,"G",IF(Z11>=95*0.95,"A","R"))) | AC11: =IF(AB11="","",IF(AB11>=95,"G",IF(AB11>=95*0.95,"A","R"))) | AD11: HoT | AE11: Defender VM SLA report | AF11: 9.1, A.8.8
A12: KPI-007 | B12: Vulnerability Mgmt | C12: Endpoint Scan Coverage | D12: ≥ 99% | E12: Weekly → Monthly | G12: =IF(F12="","",IF(F12>=99,"G",IF(F12>=99*0.95,"A","R"))) | I12: =IF(H12="","",IF(H12>=99,"G",IF(H12>=99*0.95,"A","R"))) | K12: =IF(J12="","",IF(J12>=99,"G",IF(J12>=99*0.95,"A","R"))) | M12: =IF(L12="","",IF(L12>=99,"G",IF(L12>=99*0.95,"A","R"))) | O12: =IF(N12="","",IF(N12>=99,"G",IF(N12>=99*0.95,"A","R"))) | Q12: =IF(P12="","",IF(P12>=99,"G",IF(P12>=99*0.95,"A","R"))) | S12: =IF(R12="","",IF(R12>=99,"G",IF(R12>=99*0.95,"A","R"))) | U12: =IF(T12="","",IF(T12>=99,"G",IF(T12>=99*0.95,"A","R"))) | W12: =IF(V12="","",IF(V12>=99,"G",IF(V12>=99*0.95,"A","R"))) | Y12: =IF(X12="","",IF(X12>=99,"G",IF(X12>=99*0.95,"A","R"))) | AA12: =IF(Z12="","",IF(Z12>=99,"G",IF(Z12>=99*0.95,"A","R"))) | AC12: =IF(AB12="","",IF(AB12>=99,"G",IF(AB12>=99*0.95,"A","R"))) | AD12: HoT | AE12: Defender VM / Intune enrolment | AF12: 9.1, A.8.8
A13: KPI-008 | B13: Vulnerability Mgmt | C13: Microsoft Secure Score | D13: ≥ 75 (target set at baseline) | E13: Monthly | G13: =IF(F13="","",IF(F13>=75,"G",IF(F13>=75*0.95,"A","R"))) | I13: =IF(H13="","",IF(H13>=75,"G",IF(H13>=75*0.95,"A","R"))) | K13: =IF(J13="","",IF(J13>=75,"G",IF(J13>=75*0.95,"A","R"))) | M13: =IF(L13="","",IF(L13>=75,"G",IF(L13>=75*0.95,"A","R"))) | O13: =IF(N13="","",IF(N13>=75,"G",IF(N13>=75*0.95,"A","R"))) | Q13: =IF(P13="","",IF(P13>=75,"G",IF(P13>=75*0.95,"A","R"))) | S13: =IF(R13="","",IF(R13>=75,"G",IF(R13>=75*0.95,"A","R"))) | U13: =IF(T13="","",IF(T13>=75,"G",IF(T13>=75*0.95,"A","R"))) | W13: =IF(V13="","",IF(V13>=75,"G",IF(V13>=75*0.95,"A","R"))) | Y13: =IF(X13="","",IF(X13>=75,"G",IF(X13>=75*0.95,"A","R"))) | AA13: =IF(Z13="","",IF(Z13>=75,"G",IF(Z13>=75*0.95,"A","R"))) | AC13: =IF(AB13="","",IF(AB13>=75,"G",IF(AB13>=75*0.95,"A","R"))) | AD13: HoT | AE13: Microsoft Secure Score dashboard | AF13: 9.1, A.8.9
A14: INCIDENT MANAGEMENT
A15: KPI-009 | B15: Incident Management | C15: Mean Time to Detect — MTTD | D15: Improving trend | E15: Monthly | G15: =IF(F15="","","M") | I15: =IF(H15="","","M") | K15: =IF(J15="","","M") | M15: =IF(L15="","","M") | O15: =IF(N15="","","M") | Q15: =IF(P15="","","M") | S15: =IF(R15="","","M") | U15: =IF(T15="","","M") | W15: =IF(V15="","","M") | Y15: =IF(X15="","","M") | AA15: =IF(Z15="","","M") | AC15: =IF(AB15="","","M") | AD15: ISM | AE15: Sentinel incident log | AF15: 9.1, A.5.25
A16: KPI-010 | B16: Incident Management | C16: Mean Time to Respond — MTTR | D16: Improving trend | E16: Monthly | G16: =IF(F16="","","M") | I16: =IF(H16="","","M") | K16: =IF(J16="","","M") | M16: =IF(L16="","","M") | O16: =IF(N16="","","M") | Q16: =IF(P16="","","M") | S16: =IF(R16="","","M") | U16: =IF(T16="","","M") | W16: =IF(V16="","","M") | Y16: =IF(X16="","","M") | AA16: =IF(Z16="","","M") | AC16: =IF(AB16="","","M") | AD16: ISM | AE16: Incident log (ISMS-IRP-001) | AF16: 9.1, A.5.26
A17: KPI-011 | B17: Incident Management | C17: Security Incident Volume (High/Critical) | D17: Zero Critical incidents | E17: Monthly | G17: =IF(F17="","",IF(F17=0,"G","R")) | I17: =IF(H17="","",IF(H17=0,"G","R")) | K17: =IF(J17="","",IF(J17=0,"G","R")) | M17: =IF(L17="","",IF(L17=0,"G","R")) | O17: =IF(N17="","",IF(N17=0,"G","R")) | Q17: =IF(P17="","",IF(P17=0,"G","R")) | S17: =IF(R17="","",IF(R17=0,"G","R")) | U17: =IF(T17="","",IF(T17=0,"G","R")) | W17: =IF(V17="","",IF(V17=0,"G","R")) | Y17: =IF(X17="","",IF(X17=0,"G","R")) | AA17: =IF(Z17="","",IF(Z17=0,"G","R")) | AC17: =IF(AB17="","",IF(AB17=0,"G","R")) | AD17: ISM | AE17: Incident log (ISMS-IRP-001) | AF17: 9.1, A.5.24
A18: KPI-012 | B18: Incident Management | C18: Post-Incident Review Completion (High/Critical) | D18: Target: 100% | E18: Monthly | G18: =IF(F18="","",IF(F18>=100,"G",IF(F18>=100*0.95,"A","R"))) | I18: =IF(H18="","",IF(H18>=100,"G",IF(H18>=100*0.95,"A","R"))) | K18: =IF(J18="","",IF(J18>=100,"G",IF(J18>=100*0.95,"A","R"))) | M18: =IF(L18="","",IF(L18>=100,"G",IF(L18>=100*0.95,"A","R"))) | O18: =IF(N18="","",IF(N18>=100,"G",IF(N18>=100*0.95,"A","R"))) | Q18: =IF(P18="","",IF(P18>=100,"G",IF(P18>=100*0.95,"A","R"))) | S18: =IF(R18="","",IF(R18>=100,"G",IF(R18>=100*0.95,"A","R"))) | U18: =IF(T18="","",IF(T18>=100,"G",IF(T18>=100*0.95,"A","R"))) | W18: =IF(V18="","",IF(V18>=100,"G",IF(V18>=100*0.95,"A","R"))) | Y18: =IF(X18="","",IF(X18>=100,"G",IF(X18>=100*0.95,"A","R"))) | AA18: =IF(Z18="","",IF(Z18>=100,"G",IF(Z18>=100*0.95,"A","R"))) | AC18: =IF(AB18="","",IF(AB18>=100,"G",IF(AB18>=100*0.95,"A","R"))) | AD18: ISM | AE18: Incident log — PIR completion field | AF18: 9.1, A.5.27
A19: AWARENESS & TRAINING
A20: KPI-013 | B20: Awareness & Training | C20: Annual Training Completion Rate | D20: ≥ 95% within 30 days | E20: Annual (launch + 30d) | G20: =IF(F20="","",IF(F20>=95,"G",IF(F20>=95*0.95,"A","R"))) | I20: =IF(H20="","",IF(H20>=95,"G",IF(H20>=95*0.95,"A","R"))) | K20: =IF(J20="","",IF(J20>=95,"G",IF(J20>=95*0.95,"A","R"))) | M20: =IF(L20="","",IF(L20>=95,"G",IF(L20>=95*0.95,"A","R"))) | O20: =IF(N20="","",IF(N20>=95,"G",IF(N20>=95*0.95,"A","R"))) | Q20: =IF(P20="","",IF(P20>=95,"G",IF(P20>=95*0.95,"A","R"))) | S20: =IF(R20="","",IF(R20>=95,"G",IF(R20>=95*0.95,"A","R"))) | U20: =IF(T20="","",IF(T20>=95,"G",IF(T20>=95*0.95,"A","R"))) | W20: =IF(V20="","",IF(V20>=95,"G",IF(V20>=95*0.95,"A","R"))) | Y20: =IF(X20="","",IF(X20>=95,"G",IF(X20>=95*0.95,"A","R"))) | AA20: =IF(Z20="","",IF(Z20>=95,"G",IF(Z20>=95*0.95,"A","R"))) | AC20: =IF(AB20="","",IF(AB20>=95,"G",IF(AB20>=95*0.95,"A","R"))) | AD20: ISM | AE20: LMS completion report | AF20: 9.1, A.6.3
A21: KPI-014 | B21: Awareness & Training | C21: Phishing Simulation Click Rate | D21: ≤ 10% | E21: Quarterly | G21: =IF(F21="","",IF(F21<=10,"G",IF(F21<=10*1.05,"A","R"))) | I21: =IF(H21="","",IF(H21<=10,"G",IF(H21<=10*1.05,"A","R"))) | K21: =IF(J21="","",IF(J21<=10,"G",IF(J21<=10*1.05,"A","R"))) | M21: =IF(L21="","",IF(L21<=10,"G",IF(L21<=10*1.05,"A","R"))) | O21: =IF(N21="","",IF(N21<=10,"G",IF(N21<=10*1.05,"A","R"))) | Q21: =IF(P21="","",IF(P21<=10,"G",IF(P21<=10*1.05,"A","R"))) | S21: =IF(R21="","",IF(R21<=10,"G",IF(R21<=10*1.05,"A","R"))) | U21: =IF(T21="","",IF(T21<=10,"G",IF(T21<=10*1.05,"A","R"))) | W21: =IF(V21="","",IF(V21<=10,"G",IF(V21<=10*1.05,"A","R"))) | Y21: =IF(X21="","",IF(X21<=10,"G",IF(X21<=10*1.05,"A","R"))) | AA21: =IF(Z21="","",IF(Z21<=10,"G",IF(Z21<=10*1.05,"A","R"))) | AC21: =IF(AB21="","",IF(AB21<=10,"G",IF(AB21<=10*1.05,"A","R"))) | AD21: ISM | AE21: Phishing platform per-exercise report | AF21: 9.1, A.6.3
A22: KPI-015 | B22: Awareness & Training | C22: Phishing Simulation Report Rate | D22: ≥ 50% | E22: Quarterly | G22: =IF(F22="","",IF(F22>=50,"G",IF(F22>=50*0.95,"A","R"))) | I22: =IF(H22="","",IF(H22>=50,"G",IF(H22>=50*0.95,"A","R"))) | K22: =IF(J22="","",IF(J22>=50,"G",IF(J22>=50*0.95,"A","R"))) | M22: =IF(L22="","",IF(L22>=50,"G",IF(L22>=50*0.95,"A","R"))) | O22: =IF(N22="","",IF(N22>=50,"G",IF(N22>=50*0.95,"A","R"))) | Q22: =IF(P22="","",IF(P22>=50,"G",IF(P22>=50*0.95,"A","R"))) | S22: =IF(R22="","",IF(R22>=50,"G",IF(R22>=50*0.95,"A","R"))) | U22: =IF(T22="","",IF(T22>=50,"G",IF(T22>=50*0.95,"A","R"))) | W22: =IF(V22="","",IF(V22>=50,"G",IF(V22>=50*0.95,"A","R"))) | Y22: =IF(X22="","",IF(X22>=50,"G",IF(X22>=50*0.95,"A","R"))) | AA22: =IF(Z22="","",IF(Z22>=50,"G",IF(Z22>=50*0.95,"A","R"))) | AC22: =IF(AB22="","",IF(AB22>=50,"G",IF(AB22>=50*0.95,"A","R"))) | AD22: ISM | AE22: Phishing platform report-rate metric | AF22: 9.1, A.6.3
A23: RISK & COMPLIANCE
A24: KPI-016 | B24: Risk & Compliance | C24: Open High/Critical Risks Beyond Target Date | D24: Target: 0 | E24: Monthly | G24: =IF(F24="","",IF(F24=0,"G","R")) | I24: =IF(H24="","",IF(H24=0,"G","R")) | K24: =IF(J24="","",IF(J24=0,"G","R")) | M24: =IF(L24="","",IF(L24=0,"G","R")) | O24: =IF(N24="","",IF(N24=0,"G","R")) | Q24: =IF(P24="","",IF(P24=0,"G","R")) | S24: =IF(R24="","",IF(R24=0,"G","R")) | U24: =IF(T24="","",IF(T24=0,"G","R")) | W24: =IF(V24="","",IF(V24=0,"G","R")) | Y24: =IF(X24="","",IF(X24=0,"G","R")) | AA24: =IF(Z24="","",IF(Z24=0,"G","R")) | AC24: =IF(AB24="","",IF(AB24=0,"G","R")) | AD24: ISM | AE24: ISMS-PLN-001 risk register review | AF24: 9.1, 6.1
A25: KPI-017 | B25: Risk & Compliance | C25: Corrective Action Closure Rate | D25: ≥ 90% | E25: Monthly | G25: =IF(F25="","",IF(F25>=90,"G",IF(F25>=90*0.95,"A","R"))) | I25: =IF(H25="","",IF(H25>=90,"G",IF(H25>=90*0.95,"A","R"))) | K25: =IF(J25="","",IF(J25>=90,"G",IF(J25>=90*0.95,"A","R"))) | M25: =IF(L25="","",IF(L25>=90,"G",IF(L25>=90*0.95,"A","R"))) | O25: =IF(N25="","",IF(N25>=90,"G",IF(N25>=90*0.95,"A","R"))) | Q25: =IF(P25="","",IF(P25>=90,"G",IF(P25>=90*0.95,"A","R"))) | S25: =IF(R25="","",IF(R25>=90,"G",IF(R25>=90*0.95,"A","R"))) | U25: =IF(T25="","",IF(T25>=90,"G",IF(T25>=90*0.95,"A","R"))) | W25: =IF(V25="","",IF(V25>=90,"G",IF(V25>=90*0.95,"A","R"))) | Y25: =IF(X25="","",IF(X25>=90,"G",IF(X25>=90*0.95,"A","R"))) | AA25: =IF(Z25="","",IF(Z25>=90,"G",IF(Z25>=90*0.95,"A","R"))) | AC25: =IF(AB25="","",IF(AB25>=90,"G",IF(AB25>=90*0.95,"A","R"))) | AD25: ISM | AE25: ISMS-CAR-001 tracker | AF25: 9.1, 10.2
A26: KPI-018 | B26: Risk & Compliance | C26: ISMS Objective Progress (on track) | D26: ≥ 90% | E26: Monthly | G26: =IF(F26="","",IF(F26>=90,"G",IF(F26>=90*0.95,"A","R"))) | I26: =IF(H26="","",IF(H26>=90,"G",IF(H26>=90*0.95,"A","R"))) | K26: =IF(J26="","",IF(J26>=90,"G",IF(J26>=90*0.95,"A","R"))) | M26: =IF(L26="","",IF(L26>=90,"G",IF(L26>=90*0.95,"A","R"))) | O26: =IF(N26="","",IF(N26>=90,"G",IF(N26>=90*0.95,"A","R"))) | Q26: =IF(P26="","",IF(P26>=90,"G",IF(P26>=90*0.95,"A","R"))) | S26: =IF(R26="","",IF(R26>=90,"G",IF(R26>=90*0.95,"A","R"))) | U26: =IF(T26="","",IF(T26>=90,"G",IF(T26>=90*0.95,"A","R"))) | W26: =IF(V26="","",IF(V26>=90,"G",IF(V26>=90*0.95,"A","R"))) | Y26: =IF(X26="","",IF(X26>=90,"G",IF(X26>=90*0.95,"A","R"))) | AA26: =IF(Z26="","",IF(Z26>=90,"G",IF(Z26>=90*0.95,"A","R"))) | AC26: =IF(AB26="","",IF(AB26>=90,"G",IF(AB26>=90*0.95,"A","R"))) | AD26: ISM | AE26: ISMS-OBJ-001 / ISMS-PLN-001 §5 | AF26: 9.1, 6.2
A27: DATA PROTECTION
A28: KPI-019 | B28: Data Protection | C28: Personal Data Breach Incidents | D28: Target: 0 | E28: Monthly | G28: =IF(F28="","",IF(F28=0,"G","R")) | I28: =IF(H28="","",IF(H28=0,"G","R")) | K28: =IF(J28="","",IF(J28=0,"G","R")) | M28: =IF(L28="","",IF(L28=0,"G","R")) | O28: =IF(N28="","",IF(N28=0,"G","R")) | Q28: =IF(P28="","",IF(P28=0,"G","R")) | S28: =IF(R28="","",IF(R28=0,"G","R")) | U28: =IF(T28="","",IF(T28=0,"G","R")) | W28: =IF(V28="","",IF(V28=0,"G","R")) | Y28: =IF(X28="","",IF(X28=0,"G","R")) | AA28: =IF(Z28="","",IF(Z28=0,"G","R")) | AC28: =IF(AB28="","",IF(AB28=0,"G","R")) | AD28: ISM / DPL | AE28: Incident log — breach classification | AF28: 9.1, A.5.34
A29: KPI-020 | B29: Data Protection | C29: ICO Notification SLA (72h) | D29: Target: 100% | E29: Per event | G29: =IF(F29="","",IF(F29>=100,"G",IF(F29>=100*0.95,"A","R"))) | I29: =IF(H29="","",IF(H29>=100,"G",IF(H29>=100*0.95,"A","R"))) | K29: =IF(J29="","",IF(J29>=100,"G",IF(J29>=100*0.95,"A","R"))) | M29: =IF(L29="","",IF(L29>=100,"G",IF(L29>=100*0.95,"A","R"))) | O29: =IF(N29="","",IF(N29>=100,"G",IF(N29>=100*0.95,"A","R"))) | Q29: =IF(P29="","",IF(P29>=100,"G",IF(P29>=100*0.95,"A","R"))) | S29: =IF(R29="","",IF(R29>=100,"G",IF(R29>=100*0.95,"A","R"))) | U29: =IF(T29="","",IF(T29>=100,"G",IF(T29>=100*0.95,"A","R"))) | W29: =IF(V29="","",IF(V29>=100,"G",IF(V29>=100*0.95,"A","R"))) | Y29: =IF(X29="","",IF(X29>=100,"G",IF(X29>=100*0.95,"A","R"))) | AA29: =IF(Z29="","",IF(Z29>=100,"G",IF(Z29>=100*0.95,"A","R"))) | AC29: =IF(AB29="","",IF(AB29>=100,"G",IF(AB29>=100*0.95,"A","R"))) | AD29: DPL | AE29: ICO notification timestamp vs. awareness | AF29: 9.1, UK GDPR Art.33
A30: SUPPLIER MANAGEMENT
A31: KPI-021 | B31: Supplier Management | C31: Supplier Risk Assessment Coverage (critical/high) | D31: Target: 100% | E31: Quarterly | G31: =IF(F31="","",IF(F31>=100,"G",IF(F31>=100*0.95,"A","R"))) | I31: =IF(H31="","",IF(H31>=100,"G",IF(H31>=100*0.95,"A","R"))) | K31: =IF(J31="","",IF(J31>=100,"G",IF(J31>=100*0.95,"A","R"))) | M31: =IF(L31="","",IF(L31>=100,"G",IF(L31>=100*0.95,"A","R"))) | O31: =IF(N31="","",IF(N31>=100,"G",IF(N31>=100*0.95,"A","R"))) | Q31: =IF(P31="","",IF(P31>=100,"G",IF(P31>=100*0.95,"A","R"))) | S31: =IF(R31="","",IF(R31>=100,"G",IF(R31>=100*0.95,"A","R"))) | U31: =IF(T31="","",IF(T31>=100,"G",IF(T31>=100*0.95,"A","R"))) | W31: =IF(V31="","",IF(V31>=100,"G",IF(V31>=100*0.95,"A","R"))) | Y31: =IF(X31="","",IF(X31>=100,"G",IF(X31>=100*0.95,"A","R"))) | AA31: =IF(Z31="","",IF(Z31>=100,"G",IF(Z31>=100*0.95,"A","R"))) | AC31: =IF(AB31="","",IF(AB31>=100,"G",IF(AB31>=100*0.95,"A","R"))) | AD31: ISM | AE31: ISMS-SUP-001 assessment register | AF31: 9.1, A.5.22
A32: AVAILABILITY & BCP
A33: KPI-022 | B33: Availability & BCP | C33: Backup Success Rate | D33: ≥ 99.5% | E33: Monthly | G33: =IF(F33="","",IF(F33>=99.5,"G",IF(F33>=99.5*0.95,"A","R"))) | I33: =IF(H33="","",IF(H33>=99.5,"G",IF(H33>=99.5*0.95,"A","R"))) | K33: =IF(J33="","",IF(J33>=99.5,"G",IF(J33>=99.5*0.95,"A","R"))) | M33: =IF(L33="","",IF(L33>=99.5,"G",IF(L33>=99.5*0.95,"A","R"))) | O33: =IF(N33="","",IF(N33>=99.5,"G",IF(N33>=99.5*0.95,"A","R"))) | Q33: =IF(P33="","",IF(P33>=99.5,"G",IF(P33>=99.5*0.95,"A","R"))) | S33: =IF(R33="","",IF(R33>=99.5,"G",IF(R33>=99.5*0.95,"A","R"))) | U33: =IF(T33="","",IF(T33>=99.5,"G",IF(T33>=99.5*0.95,"A","R"))) | W33: =IF(V33="","",IF(V33>=99.5,"G",IF(V33>=99.5*0.95,"A","R"))) | Y33: =IF(X33="","",IF(X33>=99.5,"G",IF(X33>=99.5*0.95,"A","R"))) | AA33: =IF(Z33="","",IF(Z33>=99.5,"G",IF(Z33>=99.5*0.95,"A","R"))) | AC33: =IF(AB33="","",IF(AB33>=99.5,"G",IF(AB33>=99.5*0.95,"A","R"))) | AD33: HoT | AE33: Backup platform success/failure log | AF33: 9.1, A.8.13
A34: KPI-023 | B34: Availability & BCP | C34: Backup Restoration Test Completion | D34: 100% (4 tests/yr) | E34: Quarterly | G34: =IF(F34="","",IF(F34>=100,"G",IF(F34>=100*0.95,"A","R"))) | I34: =IF(H34="","",IF(H34>=100,"G",IF(H34>=100*0.95,"A","R"))) | K34: =IF(J34="","",IF(J34>=100,"G",IF(J34>=100*0.95,"A","R"))) | M34: =IF(L34="","",IF(L34>=100,"G",IF(L34>=100*0.95,"A","R"))) | O34: =IF(N34="","",IF(N34>=100,"G",IF(N34>=100*0.95,"A","R"))) | Q34: =IF(P34="","",IF(P34>=100,"G",IF(P34>=100*0.95,"A","R"))) | S34: =IF(R34="","",IF(R34>=100,"G",IF(R34>=100*0.95,"A","R"))) | U34: =IF(T34="","",IF(T34>=100,"G",IF(T34>=100*0.95,"A","R"))) | W34: =IF(V34="","",IF(V34>=100,"G",IF(V34>=100*0.95,"A","R"))) | Y34: =IF(X34="","",IF(X34>=100,"G",IF(X34>=100*0.95,"A","R"))) | AA34: =IF(Z34="","",IF(Z34>=100,"G",IF(Z34>=100*0.95,"A","R"))) | AC34: =IF(AB34="","",IF(AB34>=100,"G",IF(AB34>=100*0.95,"A","R"))) | AD34: HoT | AE34: Quarterly test report | AF34: 9.1, A.8.13
A35: ISMS PROGRAMME
A36: KPI-024 | B36: ISMS Programme | C36: Internal Audit Programme Completion | D36: 100% of planned scope | E36: Annual | G36: =IF(F36="","",IF(F36>=100,"G",IF(F36>=100*0.95,"A","R"))) | I36: =IF(H36="","",IF(H36>=100,"G",IF(H36>=100*0.95,"A","R"))) | K36: =IF(J36="","",IF(J36>=100,"G",IF(J36>=100*0.95,"A","R"))) | M36: =IF(L36="","",IF(L36>=100,"G",IF(L36>=100*0.95,"A","R"))) | O36: =IF(N36="","",IF(N36>=100,"G",IF(N36>=100*0.95,"A","R"))) | Q36: =IF(P36="","",IF(P36>=100,"G",IF(P36>=100*0.95,"A","R"))) | S36: =IF(R36="","",IF(R36>=100,"G",IF(R36>=100*0.95,"A","R"))) | U36: =IF(T36="","",IF(T36>=100,"G",IF(T36>=100*0.95,"A","R"))) | W36: =IF(V36="","",IF(V36>=100,"G",IF(V36>=100*0.95,"A","R"))) | Y36: =IF(X36="","",IF(X36>=100,"G",IF(X36>=100*0.95,"A","R"))) | AA36: =IF(Z36="","",IF(Z36>=100,"G",IF(Z36>=100*0.95,"A","R"))) | AC36: =IF(AB36="","",IF(AB36>=100,"G",IF(AB36>=100*0.95,"A","R"))) | AD36: ISM / Auditor | AE36: ISMS-IAP-001 audit plan vs. completed | AF36: 9.1, 9.2
A37: KPI-025 | B37: ISMS Programme | C37: Policy Acknowledgement Compliance | D37: Target: 100% | E37: Monthly | G37: =IF(F37="","",IF(F37>=100,"G",IF(F37>=100*0.95,"A","R"))) | I37: =IF(H37="","",IF(H37>=100,"G",IF(H37>=100*0.95,"A","R"))) | K37: =IF(J37="","",IF(J37>=100,"G",IF(J37>=100*0.95,"A","R"))) | M37: =IF(L37="","",IF(L37>=100,"G",IF(L37>=100*0.95,"A","R"))) | O37: =IF(N37="","",IF(N37>=100,"G",IF(N37>=100*0.95,"A","R"))) | Q37: =IF(P37="","",IF(P37>=100,"G",IF(P37>=100*0.95,"A","R"))) | S37: =IF(R37="","",IF(R37>=100,"G",IF(R37>=100*0.95,"A","R"))) | U37: =IF(T37="","",IF(T37>=100,"G",IF(T37>=100*0.95,"A","R"))) | W37: =IF(V37="","",IF(V37>=100,"G",IF(V37>=100*0.95,"A","R"))) | Y37: =IF(X37="","",IF(X37>=100,"G",IF(X37>=100*0.95,"A","R"))) | AA37: =IF(Z37="","",IF(Z37>=100,"G",IF(Z37>=100*0.95,"A","R"))) | AC37: =IF(AB37="","",IF(AB37>=100,"G",IF(AB37>=100*0.95,"A","R"))) | AD37: ISM | AE37: Policy acknowledgement register (ISMS-TRN-REC) | AF37: 9.1, 7.3

Sheet Management Summary
B2: ISMS KPI MANAGEMENT SUMMARY REPORT
B3: Apex Managed Services Ltd | ISMS-MR-002 | Reporting Period: [QUARTER/MONTH YYYY] | INTERNAL
B5: Reporting Period | C5: [e.g. Q2 2026 — April to June 2026] | E5: Prepared By | F5: ISM — [Name]
B6: Report Date | C6: [Date] | E6: Approved By | F6: MD — [Name]
B7: Report Type | C7: □ Monthly □ Quarterly □ Annual | E7: Distribution | F7: MD, ISM, HoT
B10: Total KPIs | C10: Green (On Target) | D10: Amber (Near Target) | E10: Red (Below Target) | F10: Monitor / N/A | G10: Not Yet Measured
B11: 25 | C11: [formula] | D11: [formula] | E11: [formula] | F11: [formula] | G11: [formula]
B12: Note: Fill in the counts above from the KPI Data Entry sheet for the most recent period in the reporting window.
B14: Domain | C14: KPIs in Domain | D14: Green | E14: Amber | F14: Red | G14: Overall RAG | H14: MD Notes
B15: Access Control | C15: 4 | G15: □ G □ A □ R
B16: Vulnerability Mgmt | C16: 4 | G16: □ G □ A □ R
B17: Incident Management | C17: 4 | G17: □ G □ A □ R
B18: Awareness & Training | C18: 3 | G18: □ G □ A □ R
B19: Risk & Compliance | C19: 3 | G19: □ G □ A □ R
B20: Data Protection | C20: 2 | G20: □ G □ A □ R
B21: Supplier Management | C21: 1 | G21: □ G □ A □ R
B22: Availability & BCP | C22: 2 | G22: □ G □ A □ R
B23: ISMS Programme | C23: 2 | G23: □ G □ A □ R
B26: KEY HIGHLIGHTS AND MANAGEMENT ATTENTION ITEMS
B27: KPIs Performing Well (Green)
B28: List KPIs on target this period and any notable improvements:
B31: KPIs Requiring Attention (Amber/Red)
B32: List KPIs below target. For each: current value, target, gap, corrective action in place:
B35: Trend Analysis
B36: Note any KPIs with sustained improving or declining trends over 3+ periods:
B39: Corrective Actions Triggered
B40: List any new CARs raised in ISMS-CAR-001 due to KPI breaches this period:
B43: Management Decisions Required
B44: Items requiring MD decision or resource allocation at this review:
B48: REPORT ACKNOWLEDGED BY MANAGING DIRECTOR
B49: Signed: | C49: ______________________________________
B50: Name: | C50: ______________________________________ Role: Managing Director
B51: Date: | C51: ______________________________________ Classification: INTERNAL

Sheet Annual Summary
B2: ISMS ANNUAL KPI SUMMARY — ISO 27001:2022 Clause 9.1 Evidence
B3: Reporting Year: [YYYY-YYYY] | Apex Managed Services Ltd | ISMS-MR-002 | INTERNAL
B5: KPI ID | C5: KPI Title | D5: Target | E5: Unit | F5: Apr-26 | G5: May-26 | H5: Jun-26 | I5: Jul-26 | J5: Aug-26 | K5: Sep-26 | L5: Oct-26 | M5: Nov-26 | N5: Dec-26 | O5: Jan-27 | P5: Feb-27 | Q5: Mar-27 | R5: YTD Avg / Total | S5: Year RAG
B6: ACCESS CONTROL
B7: KPI-001 | C7: MFA Coverage — All Accounts | D7: ≥ 100% | E7: % | F7: ='KPI Data Entry'!F5 -> 0 | G7: ='KPI Data Entry'!H5 -> 0 | H7: ='KPI Data Entry'!J5 -> 0 | I7: ='KPI Data Entry'!L5 -> 0 | J7: ='KPI Data Entry'!N5 -> 0 | K7: ='KPI Data Entry'!P5 -> 0 | L7: ='KPI Data Entry'!R5 -> 0 | M7: ='KPI Data Entry'!T5 -> 0 | N7: ='KPI Data Entry'!V5 -> 0 | O7: ='KPI Data Entry'!X5 -> 0 | P7: ='KPI Data Entry'!Z5 -> 0 | Q7: ='KPI Data Entry'!AB5 -> 0 | R7: =IFERROR(AVERAGEIF(F7:Q7,"<>"),"") -> 0 | S7: =IFERROR(IF(R7>=100,"G",IF(R7>=100*0.95,"A","R")),"—") -> R
B8: KPI-002 | C8: Phishing-Resistant MFA — Privileged Accounts | D8: Target: 100% | E8: % | F8: ='KPI Data Entry'!F6 -> 0 | G8: ='KPI Data Entry'!H6 -> 0 | H8: ='KPI Data Entry'!J6 -> 0 | I8: ='KPI Data Entry'!L6 -> 0 | J8: ='KPI Data Entry'!N6 -> 0 | K8: ='KPI Data Entry'!P6 -> 0 | L8: ='KPI Data Entry'!R6 -> 0 | M8: ='KPI Data Entry'!T6 -> 0 | N8: ='KPI Data Entry'!V6 -> 0 | O8: ='KPI Data Entry'!X6 -> 0 | P8: ='KPI Data Entry'!Z6 -> 0 | Q8: ='KPI Data Entry'!AB6 -> 0 | R8: =IFERROR(AVERAGEIF(F8:Q8,"<>"),"") -> 0 | S8: =IFERROR(IF(R8>=100,"G",IF(R8>=100*0.95,"A","R")),"—") -> R
B9: KPI-003 | C9: Leaver Deprovisioning SLA (≤4 hrs) | D9: Target: 100% | E9: % | F9: ='KPI Data Entry'!F7 -> 0 | G9: ='KPI Data Entry'!H7 -> 0 | H9: ='KPI Data Entry'!J7 -> 0 | I9: ='KPI Data Entry'!L7 -> 0 | J9: ='KPI Data Entry'!N7 -> 0 | K9: ='KPI Data Entry'!P7 -> 0 | L9: ='KPI Data Entry'!R7 -> 0 | M9: ='KPI Data Entry'!T7 -> 0 | N9: ='KPI Data Entry'!V7 -> 0 | O9: ='KPI Data Entry'!X7 -> 0 | P9: ='KPI Data Entry'!Z7 -> 0 | Q9: ='KPI Data Entry'!AB7 -> 0 | R9: =IFERROR(AVERAGEIF(F9:Q9,"<>"),"") -> 0 | S9: =IFERROR(IF(R9>=100,"G",IF(R9>=100*0.95,"A","R")),"—") -> R
B10: KPI-004 | C10: Privileged Account Count | D10: Minimised / year-on-year reduction | E10: count | F10: ='KPI Data Entry'!F8 -> 0 | G10: ='KPI Data Entry'!H8 -> 0 | H10: ='KPI Data Entry'!J8 -> 0 | I10: ='KPI Data Entry'!L8 -> 0 | J10: ='KPI Data Entry'!N8 -> 0 | K10: ='KPI Data Entry'!P8 -> 0 | L10: ='KPI Data Entry'!R8 -> 0 | M10: ='KPI Data Entry'!T8 -> 0 | N10: ='KPI Data Entry'!V8 -> 0 | O10: ='KPI Data Entry'!X8 -> 0 | P10: ='KPI Data Entry'!Z8 -> 0 | Q10: ='KPI Data Entry'!AB8 -> 0 | R10: =IFERROR(SUMIF(F10:Q10,"<>"),"") -> 0 | S10: "M"
B11: VULNERABILITY MGMT
B12: KPI-005 | C12: Critical Vuln Remediation SLA (≤24h) | D12: ≥ 98% | E12: % | F12: ='KPI Data Entry'!F10 -> 0 | G12: ='KPI Data Entry'!H10 -> 0 | H12: ='KPI Data Entry'!J10 -> 0 | I12: ='KPI Data Entry'!L10 -> 0 | J12: ='KPI Data Entry'!N10 -> 0 | K12: ='KPI Data Entry'!P10 -> 0 | L12: ='KPI Data Entry'!R10 -> 0 | M12: ='KPI Data Entry'!T10 -> 0 | N12: ='KPI Data Entry'!V10 -> 0 | O12: ='KPI Data Entry'!X10 -> 0 | P12: ='KPI Data Entry'!Z10 -> 0 | Q12: ='KPI Data Entry'!AB10 -> 0 | R12: =IFERROR(AVERAGEIF(F12:Q12,"<>"),"") -> 0 | S12: =IFERROR(IF(R12>=98,"G",IF(R12>=98*0.95,"A","R")),"—") -> R
B13: KPI-006 | C13: High Vuln Remediation SLA (≤7 days) | D13: ≥ 95% | E13: % | F13: ='KPI Data Entry'!F11 -> 0 | G13: ='KPI Data Entry'!H11 -> 0 | H13: ='KPI Data Entry'!J11 -> 0 | I13: ='KPI Data Entry'!L11 -> 0 | J13: ='KPI Data Entry'!N11 -> 0 | K13: ='KPI Data Entry'!P11 -> 0 | L13: ='KPI Data Entry'!R11 -> 0 | M13: ='KPI Data Entry'!T11 -> 0 | N13: ='KPI Data Entry'!V11 -> 0 | O13: ='KPI Data Entry'!X11 -> 0 | P13: ='KPI Data Entry'!Z11 -> 0 | Q13: ='KPI Data Entry'!AB11 -> 0 | R13: =IFERROR(AVERAGEIF(F13:Q13,"<>"),"") -> 0 | S13: =IFERROR(IF(R13>=95,"G",IF(R13>=95*0.95,"A","R")),"—") -> R
B14: KPI-007 | C14: Endpoint Scan Coverage | D14: ≥ 99% | E14: % | F14: ='KPI Data Entry'!F12 -> 0 | G14: ='KPI Data Entry'!H12 -> 0 | H14: ='KPI Data Entry'!J12 -> 0 | I14: ='KPI Data Entry'!L12 -> 0 | J14: ='KPI Data Entry'!N12 -> 0 | K14: ='KPI Data Entry'!P12 -> 0 | L14: ='KPI Data Entry'!R12 -> 0 | M14: ='KPI Data Entry'!T12 -> 0 | N14: ='KPI Data Entry'!V12 -> 0 | O14: ='KPI Data Entry'!X12 -> 0 | P14: ='KPI Data Entry'!Z12 -> 0 | Q14: ='KPI Data Entry'!AB12 -> 0 | R14: =IFERROR(AVERAGEIF(F14:Q14,"<>"),"") -> 0 | S14: =IFERROR(IF(R14>=99,"G",IF(R14>=99*0.95,"A","R")),"—") -> R
B15: KPI-008 | C15: Microsoft Secure Score | D15: ≥ 75 (target set at baseline) | E15: score | F15: ='KPI Data Entry'!F13 -> 0 | G15: ='KPI Data Entry'!H13 -> 0 | H15: ='KPI Data Entry'!J13 -> 0 | I15: ='KPI Data Entry'!L13 -> 0 | J15: ='KPI Data Entry'!N13 -> 0 | K15: ='KPI Data Entry'!P13 -> 0 | L15: ='KPI Data Entry'!R13 -> 0 | M15: ='KPI Data Entry'!T13 -> 0 | N15: ='KPI Data Entry'!V13 -> 0 | O15: ='KPI Data Entry'!X13 -> 0 | P15: ='KPI Data Entry'!Z13 -> 0 | Q15: ='KPI Data Entry'!AB13 -> 0 | R15: =IFERROR(AVERAGEIF(F15:Q15,"<>"),"") -> 0 | S15: =IFERROR(IF(R15>=75,"G",IF(R15>=75*0.95,"A","R")),"—") -> R
B16: INCIDENT MANAGEMENT
B17: KPI-009 | C17: Mean Time to Detect — MTTD | D17: Improving trend | E17: hours | F17: ='KPI Data Entry'!F15 -> 0 | G17: ='KPI Data Entry'!H15 -> 0 | H17: ='KPI Data Entry'!J15 -> 0 | I17: ='KPI Data Entry'!L15 -> 0 | J17: ='KPI Data Entry'!N15 -> 0 | K17: ='KPI Data Entry'!P15 -> 0 | L17: ='KPI Data Entry'!R15 -> 0 | M17: ='KPI Data Entry'!T15 -> 0 | N17: ='KPI Data Entry'!V15 -> 0 | O17: ='KPI Data Entry'!X15 -> 0 | P17: ='KPI Data Entry'!Z15 -> 0 | Q17: ='KPI Data Entry'!AB15 -> 0 | R17: =IFERROR(SUMIF(F17:Q17,"<>"),"") -> 0 | S17: "M"
B18: KPI-010 | C18: Mean Time to Respond — MTTR | D18: Improving trend | E18: hours | F18: ='KPI Data Entry'!F16 -> 0 | G18: ='KPI Data Entry'!H16 -> 0 | H18: ='KPI Data Entry'!J16 -> 0 | I18: ='KPI Data Entry'!L16 -> 0 | J18: ='KPI Data Entry'!N16 -> 0 | K18: ='KPI Data Entry'!P16 -> 0 | L18: ='KPI Data Entry'!R16 -> 0 | M18: ='KPI Data Entry'!T16 -> 0 | N18: ='KPI Data Entry'!V16 -> 0 | O18: ='KPI Data Entry'!X16 -> 0 | P18: ='KPI Data Entry'!Z16 -> 0 | Q18: ='KPI Data Entry'!AB16 -> 0 | R18: =IFERROR(SUMIF(F18:Q18,"<>"),"") -> 0 | S18: "M"
B19: KPI-011 | C19: Security Incident Volume (High/Critical) | D19: Zero Critical incidents | E19: count | F19: ='KPI Data Entry'!F17 -> 0 | G19: ='KPI Data Entry'!H17 -> 0 | H19: ='KPI Data Entry'!J17 -> 0 | I19: ='KPI Data Entry'!L17 -> 0 | J19: ='KPI Data Entry'!N17 -> 0 | K19: ='KPI Data Entry'!P17 -> 0 | L19: ='KPI Data Entry'!R17 -> 0 | M19: ='KPI Data Entry'!T17 -> 0 | N19: ='KPI Data Entry'!V17 -> 0 | O19: ='KPI Data Entry'!X17 -> 0 | P19: ='KPI Data Entry'!Z17 -> 0 | Q19: ='KPI Data Entry'!AB17 -> 0 | R19: =IFERROR(SUMIF(F19:Q19,"<>"),"") -> 0 | S19: =IFERROR(IF(R19=0,"G","R"),"—") -> G
B20: KPI-012 | C20: Post-Incident Review Completion (High/Critical) | D20: Target: 100% | E20: % | F20: ='KPI Data Entry'!F18 -> 0 | G20: ='KPI Data Entry'!H18 -> 0 | H20: ='KPI Data Entry'!J18 -> 0 | I20: ='KPI Data Entry'!L18 -> 0 | J20: ='KPI Data Entry'!N18 -> 0 | K20: ='KPI Data Entry'!P18 -> 0 | L20: ='KPI Data Entry'!R18 -> 0 | M20: ='KPI Data Entry'!T18 -> 0 | N20: ='KPI Data Entry'!V18 -> 0 | O20: ='KPI Data Entry'!X18 -> 0 | P20: ='KPI Data Entry'!Z18 -> 0 | Q20: ='KPI Data Entry'!AB18 -> 0 | R20: =IFERROR(AVERAGEIF(F20:Q20,"<>"),"") -> 0 | S20: =IFERROR(IF(R20>=100,"G",IF(R20>=100*0.95,"A","R")),"—") -> R
B21: AWARENESS & TRAINING
B22: KPI-013 | C22: Annual Training Completion Rate | D22: ≥ 95% within 30 days | E22: % | F22: ='KPI Data Entry'!F20 -> 0 | G22: ='KPI Data Entry'!H20 -> 0 | H22: ='KPI Data Entry'!J20 -> 0 | I22: ='KPI Data Entry'!L20 -> 0 | J22: ='KPI Data Entry'!N20 -> 0 | K22: ='KPI Data Entry'!P20 -> 0 | L22: ='KPI Data Entry'!R20 -> 0 | M22: ='KPI Data Entry'!T20 -> 0 | N22: ='KPI Data Entry'!V20 -> 0 | O22: ='KPI Data Entry'!X20 -> 0 | P22: ='KPI Data Entry'!Z20 -> 0 | Q22: ='KPI Data Entry'!AB20 -> 0 | R22: =IFERROR(AVERAGEIF(F22:Q22,"<>"),"") -> 0 | S22: =IFERROR(IF(R22>=95,"G",IF(R22>=95*0.95,"A","R")),"—") -> R
B23: KPI-014 | C23: Phishing Simulation Click Rate | D23: ≤ 10% | E23: % | F23: ='KPI Data Entry'!F21 -> 0 | G23: ='KPI Data Entry'!H21 -> 0 | H23: ='KPI Data Entry'!J21 -> 0 | I23: ='KPI Data Entry'!L21 -> 0 | J23: ='KPI Data Entry'!N21 -> 0 | K23: ='KPI Data Entry'!P21 -> 0 | L23: ='KPI Data Entry'!R21 -> 0 | M23: ='KPI Data Entry'!T21 -> 0 | N23: ='KPI Data Entry'!V21 -> 0 | O23: ='KPI Data Entry'!X21 -> 0 | P23: ='KPI Data Entry'!Z21 -> 0 | Q23: ='KPI Data Entry'!AB21 -> 0 | R23: =IFERROR(AVERAGEIF(F23:Q23,"<>"),"") -> 0 | S23: =IFERROR(IF(R23<=10,"G",IF(R23<=10*1.05,"A","R")),"—") -> G
B24: KPI-015 | C24: Phishing Simulation Report Rate | D24: ≥ 50% | E24: % | F24: ='KPI Data Entry'!F22 -> 0 | G24: ='KPI Data Entry'!H22 -> 0 | H24: ='KPI Data Entry'!J22 -> 0 | I24: ='KPI Data Entry'!L22 -> 0 | J24: ='KPI Data Entry'!N22 -> 0 | K24: ='KPI Data Entry'!P22 -> 0 | L24: ='KPI Data Entry'!R22 -> 0 | M24: ='KPI Data Entry'!T22 -> 0 | N24: ='KPI Data Entry'!V22 -> 0 | O24: ='KPI Data Entry'!X22 -> 0 | P24: ='KPI Data Entry'!Z22 -> 0 | Q24: ='KPI Data Entry'!AB22 -> 0 | R24: =IFERROR(AVERAGEIF(F24:Q24,"<>"),"") -> 0 | S24: =IFERROR(IF(R24>=50,"G",IF(R24>=50*0.95,"A","R")),"—") -> R
B25: RISK & COMPLIANCE
B26: KPI-016 | C26: Open High/Critical Risks Beyond Target Date | D26: Target: 0 | E26: count | F26: ='KPI Data Entry'!F24 -> 0 | G26: ='KPI Data Entry'!H24 -> 0 | H26: ='KPI Data Entry'!J24 -> 0 | I26: ='KPI Data Entry'!L24 -> 0 | J26: ='KPI Data Entry'!N24 -> 0 | K26: ='KPI Data Entry'!P24 -> 0 | L26: ='KPI Data Entry'!R24 -> 0 | M26: ='KPI Data Entry'!T24 -> 0 | N26: ='KPI Data Entry'!V24 -> 0 | O26: ='KPI Data Entry'!X24 -> 0 | P26: ='KPI Data Entry'!Z24 -> 0 | Q26: ='KPI Data Entry'!AB24 -> 0 | R26: =IFERROR(SUMIF(F26:Q26,"<>"),"") -> 0 | S26: =IFERROR(IF(R26=0,"G","R"),"—") -> G
B27: KPI-017 | C27: Corrective Action Closure Rate | D27: ≥ 90% | E27: % | F27: ='KPI Data Entry'!F25 -> 0 | G27: ='KPI Data Entry'!H25 -> 0 | H27: ='KPI Data Entry'!J25 -> 0 | I27: ='KPI Data Entry'!L25 -> 0 | J27: ='KPI Data Entry'!N25 -> 0 | K27: ='KPI Data Entry'!P25 -> 0 | L27: ='KPI Data Entry'!R25 -> 0 | M27: ='KPI Data Entry'!T25 -> 0 | N27: ='KPI Data Entry'!V25 -> 0 | O27: ='KPI Data Entry'!X25 -> 0 | P27: ='KPI Data Entry'!Z25 -> 0 | Q27: ='KPI Data Entry'!AB25 -> 0 | R27: =IFERROR(AVERAGEIF(F27:Q27,"<>"),"") -> 0 | S27: =IFERROR(IF(R27>=90,"G",IF(R27>=90*0.95,"A","R")),"—") -> R
B28: KPI-018 | C28: ISMS Objective Progress (on track) | D28: ≥ 90% | E28: % | F28: ='KPI Data Entry'!F26 -> 0 | G28: ='KPI Data Entry'!H26 -> 0 | H28: ='KPI Data Entry'!J26 -> 0 | I28: ='KPI Data Entry'!L26 -> 0 | J28: ='KPI Data Entry'!N26 -> 0 | K28: ='KPI Data Entry'!P26 -> 0 | L28: ='KPI Data Entry'!R26 -> 0 | M28: ='KPI Data Entry'!T26 -> 0 | N28: ='KPI Data Entry'!V26 -> 0 | O28: ='KPI Data Entry'!X26 -> 0 | P28: ='KPI Data Entry'!Z26 -> 0 | Q28: ='KPI Data Entry'!AB26 -> 0 | R28: =IFERROR(AVERAGEIF(F28:Q28,"<>"),"") -> 0 | S28: =IFERROR(IF(R28>=90,"G",IF(R28>=90*0.95,"A","R")),"—") -> R
B29: DATA PROTECTION
B30: KPI-019 | C30: Personal Data Breach Incidents | D30: Target: 0 | E30: count | F30: ='KPI Data Entry'!F28 -> 0 | G30: ='KPI Data Entry'!H28 -> 0 | H30: ='KPI Data Entry'!J28 -> 0 | I30: ='KPI Data Entry'!L28 -> 0 | J30: ='KPI Data Entry'!N28 -> 0 | K30: ='KPI Data Entry'!P28 -> 0 | L30: ='KPI Data Entry'!R28 -> 0 | M30: ='KPI Data Entry'!T28 -> 0 | N30: ='KPI Data Entry'!V28 -> 0 | O30: ='KPI Data Entry'!X28 -> 0 | P30: ='KPI Data Entry'!Z28 -> 0 | Q30: ='KPI Data Entry'!AB28 -> 0 | R30: =IFERROR(SUMIF(F30:Q30,"<>"),"") -> 0 | S30: =IFERROR(IF(R30=0,"G","R"),"—") -> G
B31: KPI-020 | C31: ICO Notification SLA (72h) | D31: Target: 100% | E31: % | F31: ='KPI Data Entry'!F29 -> 0 | G31: ='KPI Data Entry'!H29 -> 0 | H31: ='KPI Data Entry'!J29 -> 0 | I31: ='KPI Data Entry'!L29 -> 0 | J31: ='KPI Data Entry'!N29 -> 0 | K31: ='KPI Data Entry'!P29 -> 0 | L31: ='KPI Data Entry'!R29 -> 0 | M31: ='KPI Data Entry'!T29 -> 0 | N31: ='KPI Data Entry'!V29 -> 0 | O31: ='KPI Data Entry'!X29 -> 0 | P31: ='KPI Data Entry'!Z29 -> 0 | Q31: ='KPI Data Entry'!AB29 -> 0 | R31: =IFERROR(AVERAGEIF(F31:Q31,"<>"),"") -> 0 | S31: =IFERROR(IF(R31>=100,"G",IF(R31>=100*0.95,"A","R")),"—") -> R
B32: SUPPLIER MANAGEMENT
B33: KPI-021 | C33: Supplier Risk Assessment Coverage (critical/high) | D33: Target: 100% | E33: % | F33: ='KPI Data Entry'!F31 -> 0 | G33: ='KPI Data Entry'!H31 -> 0 | H33: ='KPI Data Entry'!J31 -> 0 | I33: ='KPI Data Entry'!L31 -> 0 | J33: ='KPI Data Entry'!N31 -> 0 | K33: ='KPI Data Entry'!P31 -> 0 | L33: ='KPI Data Entry'!R31 -> 0 | M33: ='KPI Data Entry'!T31 -> 0 | N33: ='KPI Data Entry'!V31 -> 0 | O33: ='KPI Data Entry'!X31 -> 0 | P33: ='KPI Data Entry'!Z31 -> 0 | Q33: ='KPI Data Entry'!AB31 -> 0 | R33: =IFERROR(AVERAGEIF(F33:Q33,"<>"),"") -> 0 | S33: =IFERROR(IF(R33>=100,"G",IF(R33>=100*0.95,"A","R")),"—") -> R
B34: AVAILABILITY & BCP
B35: KPI-022 | C35: Backup Success Rate | D35: ≥ 99.5% | E35: % | F35: ='KPI Data Entry'!F33 -> 0 | G35: ='KPI Data Entry'!H33 -> 0 | H35: ='KPI Data Entry'!J33 -> 0 | I35: ='KPI Data Entry'!L33 -> 0 | J35: ='KPI Data Entry'!N33 -> 0 | K35: ='KPI Data Entry'!P33 -> 0 | L35: ='KPI Data Entry'!R33 -> 0 | M35: ='KPI Data Entry'!T33 -> 0 | N35: ='KPI Data Entry'!V33 -> 0 | O35: ='KPI Data Entry'!X33 -> 0 | P35: ='KPI Data Entry'!Z33 -> 0 | Q35: ='KPI Data Entry'!AB33 -> 0 | R35: =IFERROR(AVERAGEIF(F35:Q35,"<>"),"") -> 0 | S35: =IFERROR(IF(R35>=99.5,"G",IF(R35>=99.5*0.95,"A","R")),"—") -> R
B36: KPI-023 | C36: Backup Restoration Test Completion | D36: 100% (4 tests/yr) | E36: % | F36: ='KPI Data Entry'!F34 -> 0 | G36: ='KPI Data Entry'!H34 -> 0 | H36: ='KPI Data Entry'!J34 -> 0 | I36: ='KPI Data Entry'!L34 -> 0 | J36: ='KPI Data Entry'!N34 -> 0 | K36: ='KPI Data Entry'!P34 -> 0 | L36: ='KPI Data Entry'!R34 -> 0 | M36: ='KPI Data Entry'!T34 -> 0 | N36: ='KPI Data Entry'!V34 -> 0 | O36: ='KPI Data Entry'!X34 -> 0 | P36: ='KPI Data Entry'!Z34 -> 0 | Q36: ='KPI Data Entry'!AB34 -> 0 | R36: =IFERROR(AVERAGEIF(F36:Q36,"<>"),"") -> 0 | S36: =IFERROR(IF(R36>=100,"G",IF(R36>=100*0.95,"A","R")),"—") -> R
B37: ISMS PROGRAMME
B38: KPI-024 | C38: Internal Audit Programme Completion | D38: 100% of planned scope | E38: % | F38: ='KPI Data Entry'!F36 -> 0 | G38: ='KPI Data Entry'!H36 -> 0 | H38: ='KPI Data Entry'!J36 -> 0 | I38: ='KPI Data Entry'!L36 -> 0 | J38: ='KPI Data Entry'!N36 -> 0 | K38: ='KPI Data Entry'!P36 -> 0 | L38: ='KPI Data Entry'!R36 -> 0 | M38: ='KPI Data Entry'!T36 -> 0 | N38: ='KPI Data Entry'!V36 -> 0 | O38: ='KPI Data Entry'!X36 -> 0 | P38: ='KPI Data Entry'!Z36 -> 0 | Q38: ='KPI Data Entry'!AB36 -> 0 | R38: =IFERROR(AVERAGEIF(F38:Q38,"<>"),"") -> 0 | S38: =IFERROR(IF(R38>=100,"G",IF(R38>=100*0.95,"A","R")),"—") -> R
B39: KPI-025 | C39: Policy Acknowledgement Compliance | D39: Target: 100% | E39: % | F39: ='KPI Data Entry'!F37 -> 0 | G39: ='KPI Data Entry'!H37 -> 0 | H39: ='KPI Data Entry'!J37 -> 0 | I39: ='KPI Data Entry'!L37 -> 0 | J39: ='KPI Data Entry'!N37 -> 0 | K39: ='KPI Data Entry'!P37 -> 0 | L39: ='KPI Data Entry'!R37 -> 0 | M39: ='KPI Data Entry'!T37 -> 0 | N39: ='KPI Data Entry'!V37 -> 0 | O39: ='KPI Data Entry'!X37 -> 0 | P39: ='KPI Data Entry'!Z37 -> 0 | Q39: ='KPI Data Entry'!AB37 -> 0 | R39: =IFERROR(AVERAGEIF(F39:Q39,"<>"),"") -> 0 | S39: =IFERROR(IF(R39>=100,"G",IF(R39>=100*0.95,"A","R")),"—") -> R

Sheet CAR Trigger Log
B2: KPI BREACH — CORRECTIVE ACTION TRIGGER LOG
B3: Record here when a KPI breach triggers a corrective action in ISMS-CAR-001. Provides the audit trail linking KPI measurement to corrective action.
B5: KPI ID | C5: KPI Domain | D5: Breach Description | E5: Period | F5: Actual Value | G5: Target | H5: CAR Reference
B6: KPI-013 | C6: Awareness & Training | D6: Annual training completion rate fell below 95% target at 30-day mark (actual: 78%). Training platform deployment delayed. | E6: May 2026 | F6: 78% | G6: ≥ 95% | H6: CAR-005
